t,label,material,refl_db,range_m,doppler_mps,extent_m,n_points,x,y,z
1783970447.363,static,fabric,30.8,2.47,0.0,1.64,14,2.46,-0.18,0.12
1783970447.363,static,mid,43.7,5.85,0.0,0.07,5,5.61,-1.46,0.77
1783970447.363,static,metal,45.8,6.42,0.0,0.16,5,6.29,0.6,1.11
1783970447.419,static,fabric,30.8,2.47,0.0,1.64,14,2.46,-0.18,0.12
1783970447.419,static,mid,43.7,5.85,0.0,0.07,5,5.61,-1.46,0.77
1783970447.419,static,metal,45.8,6.41,0.0,0.18,5,6.29,0.6,1.1
1783970447.468,static,fabric,30.8,2.47,0.0,1.64,14,2.46,-0.17,0.12
1783970447.468,static,mid,43.7,5.85,0.0,0.07,5,5.61,-1.46,0.77
1783970447.468,static,metal,45.8,6.41,0.0,0.19,5,6.29,0.6,1.09
1783970447.52,static,fabric,30.8,2.47,0.0,1.62,15,2.46,-0.17,0.13
1783970447.52,static,mid,43.7,5.85,0.0,0.07,5,5.61,-1.46,0.77
1783970447.52,static,metal,45.8,6.41,0.0,0.2,5,6.29,0.6,1.08
1783970447.567,static,fabric,30.8,2.47,0.0,1.61,15,2.46,-0.17,0.13
1783970447.567,static,mid,43.7,5.85,0.0,0.07,5,5.61,-1.46,0.78
1783970447.567,static,metal,45.8,6.41,0.0,0.21,5,6.3,0.6,1.07
1783970447.616,static,fabric,30.8,2.47,0.0,1.61,15,2.46,-0.17,0.13
1783970447.616,static,mid,43.7,5.85,0.0,0.07,5,5.61,-1.46,0.78
1783970447.616,static,metal,45.8,6.41,0.0,0.21,5,6.3,0.61,1.05
1783970447.667,static,fabric,30.8,2.47,0.0,1.61,15,2.46,-0.17,0.13
1783970447.667,static,mid,43.7,5.85,0.0,0.06,5,5.61,-1.46,0.78
1783970447.667,static,metal,45.5,6.41,0.0,0.21,5,6.3,0.62,1.03
1783970447.726,static,fabric,30.8,2.47,0.0,1.62,15,2.46,-0.17,0.13
1783970447.726,static,mid,43.7,5.85,0.0,0.06,5,5.61,-1.46,0.79
1783970447.726,static,metal,45.5,6.41,0.0,0.21,5,6.3,0.63,1.02
1783970447.775,static,fabric,30.8,2.47,0.0,1.63,15,2.46,-0.16,0.13
1783970447.775,static,mid,43.7,5.85,0.0,0.06,5,5.61,-1.46,0.79
1783970447.775,static,metal,45.5,6.41,0.0,0.2,5,6.3,0.63,1.01
1783970447.822,static,fabric,30.8,2.47,0.0,1.63,15,2.46,-0.16,0.13
1783970447.822,static,mid,43.7,5.85,0.0,0.06,5,5.61,-1.46,0.78
1783970447.822,static,metal,45.5,6.41,0.0,0.2,5,6.3,0.64,1.01
1783970447.87,static,fabric,30.8,2.47,0.0,1.64,15,2.46,-0.16,0.13
1783970447.87,static,mid,43.7,5.85,0.0,0.06,5,5.61,-1.46,0.78
1783970447.87,static,metal,45.5,6.41,0.0,0.21,5,6.3,0.64,1.01
1783970447.917,static,fabric,30.8,2.47,0.0,1.64,15,2.46,-0.16,0.13
1783970447.917,static,mid,43.7,5.85,0.0,0.06,5,5.61,-1.46,0.78
1783970447.917,static,metal,45.5,6.41,0.0,0.21,5,6.3,0.64,1.01
1783970447.964,static,fabric,30.8,2.47,0.0,1.64,15,2.46,-0.16,0.13
1783970447.964,static,mid,43.7,5.85,0.0,0.06,5,5.61,-1.46,0.78
1783970447.964,static,metal,45.5,6.41,0.0,0.21,5,6.3,0.64,1.01
1783970448.013,static,fabric,30.8,2.47,0.0,1.65,15,2.46,-0.16,0.13
1783970448.013,static,mid,43.7,5.85,0.0,0.06,5,5.61,-1.46,0.78
1783970448.013,static,metal,45.5,6.41,0.0,0.21,5,6.3,0.64,1.03
1783970448.061,static,fabric,30.8,2.47,0.0,1.65,15,2.46,-0.16,0.13
1783970448.061,static,mid,43.7,5.85,0.0,0.06,5,5.61,-1.46,0.77
1783970448.061,static,metal,45.5,6.41,0.0,0.21,5,6.29,0.64,1.04
1783970448.107,static,fabric,30.8,2.47,0.0,1.65,15,2.46,-0.16,0.13
1783970448.107,static,mid,43.7,5.85,0.0,0.06,5,5.61,-1.46,0.77
1783970448.107,static,metal,45.5,6.41,0.0,0.21,5,6.3,0.63,1.04
1783970448.153,static,fabric,30.8,2.47,0.0,1.65,15,2.46,-0.15,0.13
1783970448.153,static,mid,43.6,5.85,0.0,0.07,5,5.61,-1.46,0.76
1783970448.153,static,metal,45.5,6.41,0.0,0.21,5,6.3,0.62,1.04
1783970448.202,static,fabric,30.8,2.47,0.0,1.65,15,2.46,-0.16,0.13
1783970448.202,static,mid,43.7,5.85,0.0,0.06,5,5.61,-1.46,0.75
1783970448.202,static,metal,45.5,6.41,0.0,0.21,5,6.3,0.61,1.03
1783970448.248,static,fabric,30.8,2.47,0.0,1.65,15,2.46,-0.16,0.12
1783970448.248,static,mid,43.7,5.85,0.0,0.06,5,5.61,-1.46,0.75
1783970448.248,static,metal,45.5,6.41,0.0,0.21,5,6.3,0.61,1.02
1783970448.293,static,fabric,30.8,2.47,0.0,1.65,15,2.46,-0.16,0.12
1783970448.293,static,mid,43.7,5.84,0.0,0.06,5,5.61,-1.46,0.74
1783970448.293,static,metal,45.5,6.41,0.0,0.21,5,6.3,0.62,1.01
1783970448.338,static,fabric,30.8,2.47,0.0,1.65,15,2.46,-0.16,0.12
1783970448.338,static,mid,43.7,5.84,0.0,0.06,5,5.61,-1.46,0.74
1783970448.338,static,metal,45.5,6.41,0.0,0.22,5,6.3,0.63,1.0
1783970448.383,static,fabric,30.8,2.47,0.0,1.66,15,2.46,-0.16,0.11
1783970448.383,static,mid,43.7,5.84,0.0,0.06,5,5.61,-1.46,0.73
1783970448.383,static,metal,45.5,6.41,0.0,0.22,5,6.3,0.63,0.98
1783970448.428,static,fabric,30.9,2.47,0.0,1.66,15,2.46,-0.16,0.11
1783970448.428,static,mid,43.7,5.84,0.0,0.06,5,5.61,-1.46,0.73
1783970448.428,static,metal,45.5,6.41,0.0,0.23,5,6.31,0.64,0.98
1783970448.428,static,fabric,-4.6,0.35,0.0,0.02,2,0.26,-0.23,0.03
1783970448.475,static,fabric,30.9,2.47,0.0,1.66,15,2.46,-0.17,0.11
1783970448.475,static,mid,43.7,5.84,0.0,0.06,5,5.61,-1.46,0.72
1783970448.475,static,metal,45.5,6.41,0.0,0.23,5,6.31,0.64,0.97
1783970448.475,static,fabric,-4.6,0.35,0.0,0.02,2,0.26,-0.24,0.02
1783970448.518,static,fabric,30.9,2.47,0.0,1.66,15,2.46,-0.17,0.11
1783970448.518,static,mid,43.7,5.84,0.0,0.06,5,5.61,-1.46,0.73
1783970448.518,static,metal,45.4,6.41,0.0,0.23,5,6.31,0.64,0.95
1783970448.518,static,fabric,-4.6,0.35,0.0,0.03,3,0.26,-0.23,0.03
1783970448.567,static,fabric,31.0,2.47,0.0,1.66,15,2.46,-0.17,0.1
1783970448.567,static,mid,43.7,5.84,0.0,0.06,5,5.61,-1.46,0.73
1783970448.567,static,metal,45.4,6.41,0.0,0.23,5,6.31,0.64,0.94
1783970448.567,static,fabric,-4.6,0.35,0.0,0.04,3,0.26,-0.23,0.03
1783970448.613,static,fabric,31.0,2.47,0.0,1.66,15,2.46,-0.17,0.1
1783970448.613,static,mid,43.7,5.84,0.0,0.06,5,5.61,-1.46,0.74
1783970448.613,static,metal,45.4,6.41,0.0,0.23,5,6.31,0.64,0.95
1783970448.613,static,fabric,-4.6,0.35,-0.0,0.05,3,0.26,-0.23,0.03
1783970448.661,static,fabric,31.0,2.47,0.0,1.66,15,2.46,-0.17,0.1
1783970448.661,static,mid,43.7,5.84,0.0,0.06,5,5.61,-1.46,0.74
1783970448.661,static,metal,45.4,6.41,0.0,0.23,5,6.31,0.64,0.95
1783970448.661,static,fabric,-5.6,0.34,-0.01,0.05,3,0.25,-0.23,0.03
1783970448.706,static,fabric,31.0,2.47,0.0,1.66,15,2.46,-0.17,0.1
1783970448.706,static,mid,43.7,5.84,0.0,0.06,5,5.61,-1.46,0.75
1783970448.706,static,metal,45.4,6.41,0.0,0.23,5,6.31,0.64,0.96
1783970448.706,static,fabric,-5.6,0.34,-0.01,0.06,3,0.25,-0.23,0.02
1783970448.751,static,fabric,31.0,2.47,0.0,1.66,15,2.46,-0.17,0.11
1783970448.751,static,mid,43.7,5.84,0.0,0.06,5,5.61,-1.46,0.75
1783970448.751,static,metal,45.4,6.41,0.0,0.23,5,6.3,0.64,0.97
1783970448.751,static,fabric,-5.6,0.34,-0.01,0.06,3,0.25,-0.23,0.02
1783970448.797,static,fabric,31.0,2.47,0.0,1.66,15,2.46,-0.17,0.11
1783970448.797,static,mid,43.7,5.84,0.0,0.06,5,5.61,-1.46,0.74
1783970448.797,static,metal,45.4,6.41,0.0,0.22,5,6.31,0.63,0.98
1783970448.797,static,fabric,-5.6,0.34,-0.01,0.07,3,0.25,-0.23,0.01
1783970448.844,static,fabric,31.0,2.47,0.0,1.66,15,2.46,-0.18,0.11
1783970448.844,static,mid,43.7,5.84,0.0,0.07,5,5.61,-1.46,0.74
1783970448.844,static,metal,45.4,6.41,0.0,0.22,5,6.31,0.62,0.98
1783970448.844,static,fabric,-5.6,0.34,-0.01,0.07,3,0.25,-0.24,0.01
1783970448.895,static,fabric,31.0,2.47,0.0,1.66,15,2.46,-0.17,0.11
1783970448.895,static,mid,43.7,5.84,0.0,0.07,5,5.61,-1.46,0.74
1783970448.895,static,metal,45.4,6.41,0.0,0.22,5,6.31,0.61,0.99
1783970448.895,static,fabric,-5.6,0.35,-0.01,0.08,3,0.25,-0.24,0.0
1783970448.943,static,fabric,31.0,2.47,0.0,1.66,15,2.46,-0.17,0.11
1783970448.943,static,mid,43.7,5.84,0.0,0.07,5,5.61,-1.46,0.74
1783970448.943,static,metal,45.4,6.42,0.0,0.21,5,6.31,0.61,0.99
1783970448.943,static,fabric,-5.6,0.35,-0.02,0.08,3,0.24,-0.24,-0.0
1783970448.993,static,fabric,31.0,2.47,0.0,1.66,15,2.46,-0.17,0.11
1783970448.993,static,mid,43.8,5.84,0.0,0.07,5,5.61,-1.46,0.73
1783970448.993,static,metal,45.4,6.41,0.0,0.22,5,6.31,0.62,0.98
1783970448.993,static,fabric,-5.6,0.34,-0.02,0.08,3,0.24,-0.25,-0.01
1783970449.043,static,fabric,31.0,2.47,0.0,1.66,15,2.46,-0.17,0.1
1783970449.043,static,mid,43.8,5.84,0.0,0.07,5,5.61,-1.46,0.73
1783970449.043,static,metal,45.4,6.41,0.0,0.22,5,6.31,0.63,0.97
1783970449.043,static,fabric,-5.6,0.34,-0.02,0.08,4,0.23,-0.25,-0.02
1783970449.091,static,fabric,31.0,2.47,0.0,1.66,15,2.46,-0.17,0.1
1783970449.091,static,mid,43.8,5.84,0.0,0.07,5,5.61,-1.46,0.73
1783970449.091,static,metal,45.4,6.41,0.0,0.22,5,6.31,0.63,0.96
1783970449.091,static,fabric,-5.6,0.33,-0.03,0.08,3,0.22,-0.25,-0.02
1783970449.141,static,fabric,31.3,2.47,0.0,1.66,15,2.46,-0.18,0.1
1783970449.141,static,mid,43.8,5.84,0.0,0.08,5,5.61,-1.46,0.73
1783970449.141,static,metal,45.4,6.41,0.0,0.22,5,6.31,0.64,0.95
1783970449.141,static,fabric,-5.6,0.33,-0.03,0.08,3,0.22,-0.25,-0.02
1783970449.194,static,fabric,31.3,2.47,0.0,1.66,15,2.46,-0.19,0.11
1783970449.194,static,mid,43.8,5.84,0.0,0.08,5,5.61,-1.46,0.74
1783970449.194,static,metal,45.4,6.41,0.0,0.22,5,6.31,0.64,0.94
1783970449.194,static,fabric,-5.6,0.33,-0.03,0.08,3,0.22,-0.25,-0.03
1783970449.247,static,fabric,31.3,2.47,0.0,1.66,15,2.46,-0.2,0.11
1783970449.247,static,mid,43.8,5.84,0.0,0.08,5,5.61,-1.46,0.74
1783970449.247,static,metal,45.4,6.41,0.0,0.23,5,6.31,0.64,0.92
1783970449.247,static,fabric,-5.6,0.3,-0.04,0.09,3,0.21,-0.21,-0.02
1783970449.294,static,fabric,31.3,2.47,0.0,1.66,15,2.46,-0.21,0.12
1783970449.294,static,mid,43.8,5.85,0.0,0.08,5,5.61,-1.46,0.75
1783970449.294,static,metal,45.4,6.41,0.0,0.23,5,6.32,0.64,0.91
1783970449.294,static,fabric,-5.6,0.26,-0.04,0.1,3,0.2,-0.16,-0.01
1783970449.341,static,fabric,31.3,2.48,0.0,1.66,15,2.46,-0.22,0.12
1783970449.341,static,mid,43.8,5.85,0.0,0.08,5,5.61,-1.46,0.76
1783970449.341,static,metal,45.4,6.41,0.0,0.23,5,6.32,0.64,0.88
1783970449.341,static,fabric,-5.6,0.24,-0.05,0.12,3,0.2,-0.13,-0.01
1783970449.387,static,fabric,31.3,2.48,0.0,1.66,15,2.47,-0.22,0.11
1783970449.387,static,mid,43.8,5.85,0.0,0.08,5,5.61,-1.46,0.77
1783970449.387,static,metal,45.5,6.41,0.0,0.23,5,6.32,0.64,0.86
1783970449.387,static,fabric,-5.6,0.23,-0.05,0.13,3,0.2,-0.12,-0.01
1783970449.447,static,fabric,31.3,2.48,0.0,1.66,15,2.47,-0.22,0.11
1783970449.447,static,mid,43.8,5.85,0.0,0.08,5,5.61,-1.46,0.78
1783970449.447,static,metal,45.5,6.41,0.0,0.24,5,6.33,0.64,0.83
1783970449.447,static,fabric,-5.6,0.2,-0.05,0.14,3,0.19,-0.07,0.0
1783970449.5,static,fabric,31.1,2.48,0.0,1.66,15,2.47,-0.23,0.12
1783970449.5,static,mid,43.8,5.85,0.0,0.08,5,5.6,-1.46,0.8
1783970449.5,static,metal,45.5,6.41,0.0,0.24,5,6.33,0.63,0.81
1783970449.5,static,fabric,-5.6,0.2,-0.06,0.16,3,0.19,-0.06,0.01
1783970449.546,static,fabric,31.1,2.48,0.0,1.66,15,2.47,-0.23,0.12
1783970449.546,static,mid,43.8,5.85,0.0,0.08,5,5.6,-1.46,0.81
1783970449.546,static,metal,45.5,6.41,0.0,0.24,5,6.33,0.62,0.8
1783970449.546,static,fabric,-5.6,0.21,-0.06,0.18,3,0.2,-0.05,0.01
1783970449.598,static,fabric,31.1,2.48,0.0,1.66,15,2.47,-0.22,0.11
1783970449.598,static,mid,43.8,5.85,0.0,0.08,5,5.6,-1.46,0.81
1783970449.598,static,metal,45.5,6.41,0.0,0.24,5,6.34,0.61,0.77
1783970449.598,static,fabric,-5.6,0.21,-0.06,0.19,3,0.2,-0.05,0.02
1783970449.643,static,fabric,31.1,2.48,0.0,1.66,15,2.47,-0.22,0.11
1783970449.643,static,mid,43.8,5.85,0.0,0.08,5,5.6,-1.46,0.81
1783970449.643,static,metal,45.5,6.41,0.0,0.24,5,6.34,0.61,0.78
1783970449.643,static,fabric,-5.6,0.23,-0.06,0.2,3,0.21,-0.08,0.01
1783970449.688,static,fabric,31.1,2.48,0.0,1.66,15,2.47,-0.21,0.11
1783970449.688,static,mid,43.8,5.85,0.0,0.08,5,5.6,-1.46,0.82
1783970449.688,static,metal,45.5,6.41,0.0,0.24,5,6.34,0.6,0.78
1783970449.688,static,fabric,-5.6,0.24,-0.06,0.22,3,0.22,-0.1,0.01
1783970449.73,static,fabric,31.1,2.48,0.0,1.66,15,2.47,-0.21,0.1
1783970449.73,static,mid,43.8,5.85,0.0,0.08,5,5.6,-1.46,0.82
1783970449.73,static,metal,45.5,6.42,0.0,0.24,5,6.34,0.6,0.78
1783970449.73,static,fabric,-5.6,0.3,-0.06,0.21,3,0.24,-0.19,0.01
1783970449.777,static,fabric,30.6,2.48,0.0,1.66,15,2.47,-0.22,0.1
1783970449.777,static,mid,43.8,5.85,0.0,0.08,5,5.6,-1.46,0.82
1783970449.777,static,metal,45.5,6.41,0.0,0.24,5,6.34,0.6,0.79
1783970449.777,static,fabric,-4.6,0.34,-0.06,0.2,3,0.25,-0.24,0.01
1783970449.825,static,fabric,30.6,2.48,0.0,1.65,15,2.47,-0.21,0.09
1783970449.825,static,mid,43.8,5.85,0.0,0.08,5,5.6,-1.46,0.82
1783970449.825,static,metal,45.5,6.41,0.0,0.24,5,6.33,0.6,0.8
1783970449.825,static,fabric,-4.6,0.38,-0.05,0.2,3,0.26,-0.27,0.0
1783970449.873,static,fabric,30.6,2.48,0.0,1.65,15,2.47,-0.22,0.1
1783970449.873,static,mid,43.8,5.85,0.0,0.08,5,5.6,-1.46,0.83
1783970449.873,static,metal,45.5,6.41,0.0,0.24,5,6.33,0.6,0.81
1783970449.873,static,fabric,-4.6,0.4,-0.05,0.19,3,0.26,-0.3,0.0
1783970449.918,static,fabric,30.6,2.48,0.0,1.65,16,2.47,-0.22,0.09
1783970449.918,static,mid,43.8,5.85,0.0,0.08,5,5.6,-1.46,0.83
1783970449.918,static,metal,45.5,6.41,0.0,0.24,5,6.33,0.6,0.83
1783970449.918,static,fabric,-4.6,0.41,-0.05,0.19,3,0.27,-0.31,0.0
1783970449.963,static,fabric,30.6,2.48,0.0,1.65,16,2.47,-0.22,0.09
1783970449.963,static,mid,43.8,5.85,0.0,0.08,5,5.6,-1.46,0.83
1783970449.963,static,metal,45.5,6.41,0.0,0.24,5,6.33,0.6,0.83
1783970449.963,static,fabric,-4.6,0.42,-0.05,0.18,3,0.27,-0.32,0.0
1783970450.019,static,fabric,30.6,2.48,0.0,1.65,16,2.47,-0.24,0.09
1783970450.019,static,mid,43.8,5.85,0.0,0.08,5,5.6,-1.46,0.83
1783970450.019,static,metal,45.5,6.41,0.0,0.24,5,6.33,0.6,0.85
1783970450.019,static,fabric,-3.3,0.43,-0.05,0.18,3,0.27,-0.33,0.0
1783970450.063,static,fabric,30.6,2.48,0.0,1.65,16,2.47,-0.24,0.09
1783970450.063,static,mid,43.8,5.84,0.0,0.08,5,5.6,-1.46,0.82
1783970450.063,static,metal,45.5,6.41,0.0,0.24,5,6.32,0.6,0.88
1783970450.063,static,fabric,-3.3,0.43,-0.04,0.18,3,0.28,-0.33,0.01
1783970450.106,static,fabric,30.6,2.48,0.0,1.65,16,2.47,-0.25,0.08
1783970450.106,static,mid,43.8,5.84,0.0,0.08,5,5.6,-1.46,0.82
1783970450.106,static,metal,45.5,6.41,0.0,0.24,5,6.32,0.6,0.89
1783970450.106,static,fabric,-2.8,0.44,-0.04,0.17,4,0.28,-0.34,0.01
1783970450.151,static,fabric,30.6,2.48,0.0,1.66,16,2.47,-0.26,0.08
1783970450.151,static,mid,43.9,5.84,0.0,0.08,5,5.6,-1.46,0.81
1783970450.151,static,metal,45.4,6.41,0.0,0.24,5,6.32,0.6,0.9
1783970450.151,static,fabric,-2.8,0.44,-0.04,0.17,4,0.29,-0.34,0.01
1783970450.2,static,fabric,30.6,2.49,0.0,1.66,16,2.47,-0.26,0.08
1783970450.2,static,mid,43.9,5.84,0.0,0.08,5,5.6,-1.46,0.81
1783970450.2,static,metal,45.4,6.41,0.0,0.24,5,6.32,0.6,0.9
1783970450.2,static,fabric,-2.8,0.44,-0.04,0.17,4,0.29,-0.34,0.01
1783970450.245,static,fabric,30.6,2.49,0.0,1.66,16,2.47,-0.27,0.08
1783970450.245,static,mid,43.9,5.84,0.0,0.08,5,5.6,-1.47,0.81
1783970450.245,static,metal,45.4,6.41,0.0,0.24,5,6.32,0.6,0.91
1783970450.245,static,fabric,-2.8,0.45,-0.04,0.16,4,0.29,-0.34,0.01
1783970450.289,static,fabric,30.6,2.48,0.0,1.66,16,2.47,-0.27,0.08
1783970450.289,static,mid,43.9,5.84,0.0,0.08,5,5.59,-1.49,0.81
1783970450.289,static,metal,45.4,6.42,0.0,0.23,5,6.32,0.6,0.92
1783970450.289,static,fabric,-2.8,0.45,-0.04,0.16,4,0.29,-0.34,0.01
1783970450.336,static,fabric,30.6,2.48,0.0,1.66,16,2.46,-0.27,0.08
1783970450.336,static,mid,43.9,5.84,0.0,0.08,5,5.59,-1.49,0.8
1783970450.336,static,metal,45.4,6.41,0.0,0.23,5,6.32,0.6,0.92
1783970450.336,static,fabric,-1.2,0.46,-0.04,0.16,4,0.3,-0.34,0.01
1783970450.38,static,fabric,30.6,2.48,0.0,1.66,16,2.46,-0.28,0.08
1783970450.38,static,mid,43.9,5.85,0.0,0.08,5,5.6,-1.49,0.8
1783970450.38,static,metal,45.4,6.41,0.0,0.23,5,6.32,0.6,0.92
1783970450.38,static,fabric,-1.2,0.46,-0.03,0.16,4,0.3,-0.35,0.02
1783970450.426,static,fabric,30.6,2.48,0.0,1.66,16,2.46,-0.28,0.08
1783970450.426,static,mid,43.9,5.85,0.0,0.08,5,5.6,-1.49,0.79
1783970450.426,static,metal,45.4,6.41,0.0,0.23,5,6.32,0.6,0.92
1783970450.426,static,fabric,-1.2,0.46,-0.03,0.15,4,0.31,-0.35,0.02
1783970450.473,static,fabric,30.6,2.48,0.0,1.66,16,2.46,-0.28,0.08
1783970450.473,static,mid,43.9,5.85,0.0,0.08,5,5.6,-1.5,0.79
1783970450.473,static,metal,45.4,6.41,0.0,0.23,5,6.32,0.6,0.92
1783970450.473,static,fabric,-1.2,0.46,-0.03,0.15,4,0.31,-0.35,0.02
1783970450.526,static,fabric,30.6,2.48,0.0,1.66,16,2.46,-0.27,0.08
1783970450.526,static,mid,43.9,5.85,0.0,0.08,5,5.6,-1.5,0.8
1783970450.526,static,metal,45.4,6.41,0.0,0.23,5,6.32,0.6,0.92
1783970450.526,static,fabric,-0.9,0.47,-0.03,0.15,4,0.31,-0.35,0.02
1783970450.575,static,fabric,30.6,2.48,0.0,1.66,16,2.46,-0.26,0.09
1783970450.575,static,mid,43.9,5.85,0.0,0.08,5,5.59,-1.5,0.8
1783970450.575,static,metal,45.4,6.41,0.0,0.23,5,6.32,0.6,0.91
1783970450.575,static,fabric,-0.9,0.47,-0.03,0.14,4,0.31,-0.35,0.02
1783970450.621,static,fabric,30.6,2.48,0.0,1.66,16,2.46,-0.25,0.09
1783970450.621,static,mid,44.1,5.84,0.0,0.08,5,5.59,-1.5,0.8
1783970450.621,static,metal,45.4,6.41,0.0,0.23,5,6.32,0.6,0.91
1783970450.621,static,fabric,-0.9,0.47,-0.03,0.14,4,0.31,-0.36,0.02
1783970450.667,static,fabric,30.6,2.47,0.0,1.66,17,2.46,-0.25,0.1
1783970450.667,static,mid,44.1,5.85,0.0,0.08,5,5.59,-1.5,0.8
1783970450.667,static,metal,45.4,6.41,0.0,0.23,5,6.32,0.6,0.9
1783970450.667,static,fabric,-0.9,0.47,-0.03,0.14,4,0.31,-0.36,0.02
1783970450.714,static,fabric,30.6,2.45,0.0,1.65,16,2.42,-0.36,0.11
1783970450.714,static,mid,44.1,5.84,0.0,0.08,5,5.6,-1.48,0.79
1783970450.714,static,metal,45.4,6.41,0.0,0.23,5,6.32,0.6,0.9
1783970450.714,static,fabric,-0.6,0.47,-0.03,0.14,4,0.31,-0.36,0.02
1783970450.769,static,fabric,30.6,2.44,0.0,1.64,16,2.39,-0.43,0.12
1783970450.769,static,mid,44.1,5.85,0.0,0.08,5,5.6,-1.49,0.8
1783970450.769,static,metal,45.4,6.41,0.0,0.22,5,6.32,0.6,0.9
1783970450.769,static,fabric,-0.6,0.47,-0.03,0.14,4,0.31,-0.36,0.02
1783970450.817,static,fabric,30.6,2.43,0.0,1.63,16,2.38,-0.48,0.12
1783970450.817,static,mid,44.1,5.84,0.0,0.09,5,5.6,-1.49,0.8
1783970450.817,static,metal,45.4,6.41,0.0,0.22,5,6.32,0.6,0.91
1783970450.817,static,fabric,-0.6,0.48,-0.03,0.13,4,0.31,-0.36,0.02
1783970450.864,static,fabric,30.6,2.42,0.0,1.62,16,2.37,-0.51,0.14
1783970450.864,static,mid,44.1,5.84,0.0,0.09,5,5.59,-1.5,0.8
1783970450.864,static,metal,45.4,6.41,0.0,0.22,5,6.32,0.6,0.91
1783970450.864,static,fabric,-0.6,0.48,-0.03,0.13,4,0.31,-0.37,0.02
1783970450.864,static,fabric,30.7,2.79,0.0,0.09,5,2.72,0.61,0.02
1783970450.909,static,fabric,28.4,2.42,0.0,1.61,16,2.36,-0.53,0.14
1783970450.909,static,mid,44.1,5.84,0.0,0.09,5,5.59,-1.51,0.8
1783970450.909,static,metal,45.4,6.41,0.0,0.22,5,6.32,0.6,0.91
1783970450.909,static,fabric,-0.0,0.48,-0.03,0.13,4,0.31,-0.37,0.02
1783970450.909,static,fabric,30.7,2.79,0.0,0.09,5,2.72,0.61,0.01
1783970450.953,static,fabric,28.4,2.42,0.0,1.6,16,2.36,-0.54,0.15
1783970450.953,static,mid,44.1,5.84,0.0,0.09,5,5.58,-1.52,0.81
1783970450.953,static,metal,45.4,6.41,0.0,0.22,5,6.32,0.6,0.91
1783970450.953,static,fabric,-0.0,0.48,-0.03,0.13,4,0.31,-0.37,0.02
1783970450.953,static,fabric,30.7,2.79,0.0,0.09,5,2.72,0.61,0.01
1783970451.0,static,fabric,28.3,2.42,0.0,1.59,16,2.35,-0.55,0.15
1783970451.0,static,mid,44.2,5.84,0.0,0.09,5,5.58,-1.52,0.81
1783970451.0,static,metal,45.4,6.41,0.0,0.22,5,6.32,0.6,0.9
1783970451.0,static,fabric,-0.0,0.48,-0.02,0.13,4,0.31,-0.37,0.02
1783970451.0,static,fabric,30.7,2.79,0.0,0.09,5,2.72,0.61,0.01
1783970451.046,static,fabric,28.4,2.42,0.0,1.58,16,2.36,-0.55,0.16
1783970451.046,static,mid,44.2,5.84,0.0,0.09,5,5.58,-1.52,0.81
1783970451.046,static,metal,45.4,6.41,0.0,0.22,5,6.32,0.6,0.89
1783970451.046,static,fabric,-0.0,0.48,-0.02,0.12,4,0.3,-0.37,0.02
1783970451.046,static,fabric,30.7,2.79,0.0,0.09,5,2.72,0.61,0.0
1783970451.092,static,fabric,28.3,2.43,0.0,1.57,16,2.36,-0.55,0.16
1783970451.092,static,mid,44.2,5.84,0.0,0.09,5,5.58,-1.53,0.81
1783970451.092,static,metal,45.4,6.41,0.0,0.22,5,6.32,0.6,0.87
1783970451.092,static,fabric,0.6,0.48,-0.02,0.12,4,0.31,-0.37,0.03
1783970451.092,static,fabric,30.7,2.79,0.0,0.09,5,2.72,0.61,-0.0
1783970451.148,static,fabric,28.3,2.43,0.0,1.56,16,2.36,-0.56,0.16
1783970451.148,static,mid,44.2,5.84,0.0,0.1,5,5.58,-1.53,0.81
1783970451.148,static,metal,45.4,6.41,0.0,0.22,5,6.33,0.6,0.85
1783970451.148,static,fabric,0.6,0.48,-0.02,0.12,4,0.31,-0.37,0.03
1783970451.148,static,fabric,30.7,2.79,0.0,0.08,5,2.72,0.61,-0.01
1783970451.195,static,fabric,28.4,2.44,0.0,1.56,16,2.4,-0.44,0.14
1783970451.195,static,mid,44.2,5.84,0.0,0.1,5,5.58,-1.53,0.82
1783970451.195,static,metal,45.4,6.41,0.0,0.22,5,6.33,0.6,0.85
1783970451.195,static,fabric,0.6,0.48,-0.02,0.12,4,0.31,-0.37,0.03
1783970451.195,static,fabric,30.7,2.79,0.0,0.08,5,2.72,0.61,-0.01
1783970451.241,static,fabric,28.4,2.45,0.0,1.57,16,2.42,-0.37,0.13
1783970451.241,static,mid,44.2,5.84,0.0,0.1,5,5.58,-1.53,0.82
1783970451.241,static,metal,45.4,6.41,0.0,0.22,5,6.33,0.6,0.84
1783970451.241,static,fabric,0.6,0.48,-0.02,0.12,4,0.31,-0.37,0.03
1783970451.241,static,fabric,30.7,2.79,0.0,0.08,5,2.72,0.61,-0.01
1783970451.287,static,fabric,28.4,2.46,0.0,1.57,16,2.44,-0.31,0.12
1783970451.287,static,mid,44.2,5.84,0.0,0.1,5,5.58,-1.52,0.82
1783970451.287,static,metal,45.4,6.41,0.0,0.22,5,6.33,0.6,0.83
1783970451.287,static,fabric,0.6,0.48,-0.02,0.12,4,0.31,-0.37,0.03
1783970451.287,static,fabric,30.7,2.79,0.0,0.08,5,2.72,0.61,-0.01
1783970451.333,static,fabric,28.4,2.46,0.0,1.57,16,2.44,-0.28,0.12
1783970451.333,static,mid,44.2,5.84,0.0,0.1,5,5.59,-1.51,0.82
1783970451.333,static,metal,45.4,6.41,0.0,0.22,5,6.33,0.6,0.82
1783970451.333,static,fabric,0.6,0.48,-0.02,0.12,4,0.31,-0.37,0.03
1783970451.333,static,fabric,30.7,2.79,0.0,0.08,5,2.72,0.61,-0.01
1783970451.379,static,fabric,28.4,2.47,0.0,1.57,16,2.45,-0.25,0.12
1783970451.379,static,mid,44.2,5.84,0.0,0.1,5,5.59,-1.49,0.82
1783970451.379,static,metal,45.4,6.41,0.0,0.22,5,6.33,0.6,0.8
1783970451.379,static,fabric,0.6,0.48,-0.02,0.11,4,0.31,-0.37,0.03
1783970451.379,static,fabric,30.7,2.79,0.0,0.08,5,2.72,0.61,-0.01
1783970451.422,static,fabric,28.4,2.47,0.0,1.57,16,2.45,-0.24,0.12
1783970451.422,static,mid,44.2,5.84,0.0,0.1,5,5.59,-1.48,0.82
1783970451.422,static,metal,45.4,6.41,0.0,0.22,5,6.34,0.6,0.78
1783970451.422,static,fabric,0.6,0.48,-0.02,0.11,4,0.31,-0.36,0.02
1783970451.422,static,fabric,30.7,2.79,0.0,0.08,5,2.72,0.61,-0.01
1783970451.469,static,fabric,30.5,2.47,0.0,1.57,16,2.46,-0.23,0.12
1783970451.469,static,mid,44.2,5.84,0.0,0.1,5,5.6,-1.47,0.82
1783970451.469,static,metal,45.4,6.41,0.0,0.21,5,6.34,0.6,0.79
1783970451.469,static,fabric,0.6,0.48,-0.02,0.11,4,0.31,-0.36,0.02
1783970451.469,static,fabric,30.7,2.79,0.0,0.08,5,2.72,0.61,-0.01
1783970451.519,static,fabric,28.4,2.47,0.0,1.57,16,2.46,-0.22,0.12
1783970451.519,static,mid,44.2,5.84,0.0,0.1,5,5.6,-1.47,0.82
1783970451.519,static,metal,45.4,6.41,0.0,0.21,5,6.34,0.6,0.79
1783970451.519,static,fabric,0.6,0.48,-0.02,0.11,4,0.32,-0.36,0.02
1783970451.519,static,fabric,30.7,2.79,0.0,0.08,5,2.72,0.61,-0.01
1783970451.566,static,fabric,30.5,2.47,0.0,1.57,16,2.46,-0.22,0.12
1783970451.566,static,mid,44.2,5.84,0.0,0.09,5,5.6,-1.47,0.82
1783970451.566,static,metal,45.4,6.42,0.0,0.21,5,6.34,0.6,0.79
1783970451.566,static,fabric,0.6,0.48,-0.02,0.11,4,0.32,-0.36,0.02
1783970451.566,static,fabric,30.7,2.79,0.0,0.08,5,2.72,0.61,-0.01
1783970451.615,static,fabric,30.5,2.48,0.0,1.57,16,2.46,-0.22,0.13
1783970451.615,static,mid,44.2,5.85,0.0,0.09,5,5.6,-1.46,0.82
1783970451.615,static,metal,45.4,6.41,0.0,0.21,5,6.34,0.6,0.8
1783970451.615,static,fabric,0.6,0.48,-0.02,0.11,4,0.32,-0.36,0.02
1783970451.615,static,fabric,30.7,2.79,0.0,0.08,5,2.72,0.61,-0.01
1783970451.662,static,fabric,30.5,2.48,0.0,1.57,16,2.47,-0.22,0.13
1783970451.662,static,mid,44.2,5.85,0.0,0.09,5,5.6,-1.46,0.83
1783970451.662,static,metal,45.4,6.41,0.0,0.21,5,6.33,0.6,0.81
1783970451.662,static,fabric,1.0,0.48,-0.02,0.1,4,0.32,-0.36,0.02
1783970451.662,static,fabric,30.7,2.79,0.0,0.08,5,2.72,0.61,-0.01
1783970451.707,static,fabric,30.5,2.48,0.0,1.57,16,2.47,-0.21,0.13
1783970451.707,static,mid,44.2,5.85,0.0,0.09,5,5.6,-1.46,0.83
1783970451.707,static,metal,45.4,6.41,0.0,0.21,5,6.33,0.6,0.82
1783970451.707,static,fabric,1.0,0.48,-0.02,0.1,4,0.32,-0.36,0.02
1783970451.707,static,fabric,30.7,2.79,0.0,0.08,5,2.72,0.61,-0.01
1783970451.757,static,fabric,30.5,2.48,0.0,1.57,16,2.47,-0.21,0.13
1783970451.757,static,mid,44.2,5.85,0.0,0.09,5,5.6,-1.46,0.83
1783970451.757,static,metal,45.4,6.41,0.0,0.21,5,6.33,0.6,0.82
1783970451.757,static,fabric,1.0,0.48,-0.02,0.1,4,0.31,-0.36,0.02
1783970451.757,static,fabric,30.7,2.79,0.0,0.08,5,2.72,0.61,-0.01
1783970451.811,static,fabric,30.3,2.48,0.0,1.57,16,2.47,-0.21,0.14
1783970451.811,static,mid,44.2,5.85,0.0,0.09,5,5.6,-1.46,0.83
1783970451.811,static,metal,45.4,6.41,0.0,0.21,5,6.33,0.6,0.82
1783970451.811,static,fabric,1.0,0.48,-0.02,0.1,4,0.31,-0.36,0.02
1783970451.811,static,fabric,30.7,2.79,0.0,0.08,5,2.72,0.61,-0.01
1783970451.86,static,fabric,30.3,2.48,0.0,1.57,16,2.47,-0.21,0.14
1783970451.86,static,mid,44.2,5.85,0.0,0.09,5,5.6,-1.46,0.84
1783970451.86,static,metal,45.4,6.41,0.0,0.21,5,6.33,0.6,0.82
1783970451.86,static,fabric,0.8,0.48,-0.02,0.1,4,0.31,-0.37,0.03
1783970451.86,static,fabric,30.7,2.79,0.0,0.08,5,2.72,0.61,-0.01
1783970451.932,static,fabric,30.3,2.48,0.0,1.57,16,2.47,-0.2,0.15
1783970451.932,static,mid,44.2,5.85,0.0,0.09,5,5.6,-1.46,0.84
1783970451.932,static,metal,45.4,6.41,0.0,0.22,5,6.33,0.6,0.81
1783970451.932,static,fabric,1.0,0.48,-0.02,0.1,4,0.31,-0.37,0.03
1783970451.932,static,fabric,30.7,2.79,0.0,0.08,5,2.72,0.61,-0.01
1783970451.987,static,fabric,30.2,2.47,0.0,1.57,16,2.46,-0.18,0.15
1783970451.987,static,mid,44.2,5.85,0.0,0.09,5,5.6,-1.46,0.84
1783970451.987,static,metal,45.4,6.41,0.0,0.22,5,6.33,0.59,0.81
1783970451.987,static,fabric,1.0,0.48,-0.02,0.1,4,0.31,-0.37,0.03
1783970451.987,static,fabric,30.7,2.79,0.0,0.08,5,2.72,0.61,-0.01
1783970452.034,static,fabric,30.2,2.47,0.0,1.57,16,2.46,-0.17,0.15
1783970452.034,static,mid,44.3,5.85,0.0,0.09,5,5.6,-1.46,0.85
1783970452.034,static,metal,45.4,6.41,0.0,0.22,5,6.33,0.58,0.81
1783970452.034,static,fabric,1.0,0.48,-0.02,0.1,4,0.31,-0.37,0.03
1783970452.034,static,fabric,30.7,2.79,0.0,0.08,5,2.72,0.61,-0.01
1783970452.084,static,fabric,30.2,2.47,0.0,1.57,16,2.46,-0.16,0.15
1783970452.084,static,mid,44.3,5.85,0.0,0.09,5,5.6,-1.46,0.85
1783970452.084,static,metal,45.4,6.41,0.0,0.22,5,6.33,0.57,0.81
1783970452.084,static,fabric,1.0,0.48,-0.02,0.1,4,0.31,-0.37,0.03
1783970452.084,static,fabric,30.7,2.79,0.0,0.08,5,2.72,0.61,-0.01
1783970452.131,static,fabric,30.2,2.47,0.0,1.57,16,2.46,-0.16,0.15
1783970452.131,static,mid,44.3,5.85,0.0,0.09,5,5.6,-1.46,0.85
1783970452.131,static,metal,45.4,6.41,0.0,0.22,5,6.34,0.57,0.8
1783970452.131,static,fabric,1.0,0.48,-0.02,0.1,4,0.3,-0.37,0.03
1783970452.131,static,fabric,30.7,2.79,0.0,0.08,5,2.72,0.61,-0.01
1783970452.175,static,fabric,30.2,2.47,0.0,1.57,16,2.46,-0.15,0.15
1783970452.175,static,mid,44.3,5.85,0.0,0.09,5,5.6,-1.46,0.85
1783970452.175,static,metal,45.4,6.41,0.0,0.22,5,6.34,0.56,0.8
1783970452.175,static,fabric,1.0,0.48,-0.02,0.09,4,0.3,-0.37,0.03
1783970452.175,static,fabric,30.7,2.79,0.0,0.08,5,2.72,0.61,-0.01
1783970452.222,static,fabric,30.2,2.47,0.0,1.57,16,2.46,-0.15,0.14
1783970452.222,static,mid,44.3,5.84,0.0,0.09,5,5.59,-1.46,0.86
1783970452.222,static,metal,45.4,6.41,0.0,0.22,5,6.34,0.56,0.79
1783970452.222,static,fabric,1.0,0.48,-0.02,0.09,4,0.3,-0.37,0.03
1783970452.222,static,fabric,30.7,2.79,0.0,0.08,5,2.72,0.61,-0.01
1783970452.27,static,fabric,30.1,2.47,0.0,1.57,16,2.46,-0.15,0.14
1783970452.27,static,mid,44.3,5.84,0.0,0.09,5,5.59,-1.46,0.86
1783970452.27,static,metal,45.3,6.41,0.0,0.22,5,6.34,0.56,0.79
1783970452.27,static,fabric,1.0,0.48,-0.02,0.09,4,0.3,-0.37,0.03
1783970452.27,static,fabric,30.7,2.79,0.0,0.08,5,2.72,0.61,-0.01
1783970452.319,static,fabric,30.1,2.47,0.0,1.57,16,2.46,-0.14,0.14
1783970452.319,static,mid,44.3,5.84,0.0,0.09,5,5.59,-1.46,0.86
1783970452.319,static,metal,45.3,6.41,0.0,0.23,5,6.34,0.56,0.8
1783970452.319,static,fabric,1.0,0.48,-0.02,0.09,4,0.3,-0.37,0.03
1783970452.319,static,fabric,30.7,2.79,0.0,0.08,5,2.72,0.61,-0.01
1783970452.367,static,fabric,30.1,2.47,0.0,1.57,16,2.46,-0.14,0.14
1783970452.367,static,mid,44.3,5.84,0.0,0.09,5,5.59,-1.46,0.87
1783970452.367,static,metal,45.3,6.41,0.0,0.23,5,6.34,0.56,0.8
1783970452.367,static,fabric,1.0,0.48,-0.02,0.09,4,0.31,-0.37,0.03
1783970452.367,static,fabric,30.7,2.79,0.0,0.08,5,2.72,0.61,-0.01
1783970452.415,static,fabric,30.1,2.47,0.0,1.57,16,2.46,-0.14,0.14
1783970452.415,static,mid,44.3,5.85,0.0,0.09,5,5.59,-1.46,0.86
1783970452.415,static,metal,45.3,6.41,0.0,0.23,5,6.34,0.56,0.82
1783970452.415,static,fabric,1.0,0.48,-0.02,0.09,4,0.31,-0.37,0.03
1783970452.415,static,fabric,30.7,2.79,0.0,0.08,5,2.72,0.61,-0.01
1783970452.462,static,fabric,30.1,2.47,0.0,1.57,16,2.46,-0.14,0.13
1783970452.462,static,mid,44.3,5.85,0.0,0.09,5,5.6,-1.46,0.86
1783970452.462,static,metal,45.3,6.41,0.0,0.23,5,6.33,0.56,0.83
1783970452.462,static,fabric,1.0,0.48,-0.02,0.09,4,0.31,-0.37,0.02
1783970452.462,static,fabric,30.7,2.79,0.0,0.08,5,2.72,0.61,-0.01
1783970452.52,static,fabric,30.1,2.43,0.0,1.56,16,2.41,-0.27,0.16
1783970452.52,static,mid,44.3,5.85,0.0,0.09,5,5.6,-1.46,0.85
1783970452.52,static,metal,45.2,6.41,0.0,0.23,5,6.33,0.57,0.84
1783970452.52,static,fabric,1.0,0.48,-0.01,0.09,4,0.31,-0.37,0.02
1783970452.52,static,fabric,30.7,2.79,0.0,0.08,5,2.72,0.61,-0.01
1783970452.581,static,fabric,30.1,2.42,0.0,1.56,16,2.38,-0.36,0.17
1783970452.581,static,mid,44.3,5.85,0.0,0.09,5,5.6,-1.46,0.85
1783970452.581,static,metal,45.2,6.42,0.0,0.22,5,6.33,0.58,0.85
1783970452.581,static,fabric,1.0,0.48,-0.01,0.09,4,0.31,-0.37,0.02
1783970452.581,static,fabric,30.7,2.79,0.0,0.07,5,2.72,0.61,-0.02
1783970452.628,static,fabric,30.1,2.41,0.0,1.55,16,2.37,-0.41,0.18
1783970452.628,static,mid,44.3,5.85,0.0,0.09,5,5.6,-1.46,0.84
1783970452.628,static,metal,45.2,6.42,0.0,0.22,5,6.33,0.59,0.86
1783970452.628,static,fabric,1.0,0.48,-0.01,0.09,4,0.31,-0.37,0.02
1783970452.628,static,fabric,30.6,2.79,0.0,0.07,5,2.72,0.61,-0.02
1783970452.675,static,fabric,30.1,2.4,0.0,1.55,16,2.35,-0.45,0.18
1783970452.675,static,mid,44.4,5.85,0.0,0.09,5,5.6,-1.46,0.84
1783970452.675,static,metal,45.2,6.41,0.0,0.22,5,6.33,0.59,0.87
1783970452.675,static,fabric,1.0,0.48,-0.01,0.09,4,0.31,-0.37,0.02
1783970452.675,static,fabric,30.6,2.79,0.0,0.07,5,2.72,0.61,-0.02
1783970452.727,static,fabric,30.1,2.4,0.0,1.54,16,2.34,-0.48,0.18
1783970452.727,static,mid,44.4,5.85,0.0,0.09,5,5.6,-1.46,0.83
1783970452.727,static,metal,45.2,6.41,0.0,0.22,5,6.32,0.6,0.87
1783970452.727,static,fabric,1.4,0.48,-0.01,0.09,4,0.31,-0.37,0.01
1783970452.727,static,fabric,30.6,2.79,0.0,0.06,5,2.72,0.61,-0.02
1783970452.781,static,fabric,30.1,2.39,0.0,1.53,16,2.33,-0.5,0.18
1783970452.781,static,mid,44.4,5.85,0.0,0.09,5,5.6,-1.46,0.83
1783970452.781,static,metal,45.2,6.41,0.0,0.22,5,6.32,0.6,0.88
1783970452.781,static,fabric,1.4,0.48,-0.01,0.09,4,0.31,-0.37,0.01
1783970452.781,static,fabric,30.6,2.79,0.0,0.06,5,2.72,0.61,-0.02
1783970452.833,static,fabric,30.1,2.39,0.0,1.53,16,2.33,-0.52,0.18
1783970452.833,static,mid,44.4,5.85,0.0,0.09,5,5.6,-1.46,0.83
1783970452.833,static,metal,45.2,6.41,0.0,0.22,5,6.33,0.6,0.87
1783970452.833,static,fabric,1.4,0.48,-0.01,0.09,4,0.31,-0.37,0.01
1783970452.833,static,fabric,30.6,2.79,0.0,0.06,5,2.72,0.61,-0.02
1783970452.886,static,fabric,30.1,2.39,0.0,1.52,16,2.33,-0.53,0.17
1783970452.886,static,mid,44.4,5.85,0.0,0.09,5,5.6,-1.46,0.83
1783970452.886,static,metal,45.2,6.41,0.0,0.22,5,6.33,0.6,0.86
1783970452.886,static,fabric,1.4,0.48,-0.01,0.08,4,0.31,-0.37,0.0
1783970452.886,static,fabric,30.6,2.79,0.0,0.06,5,2.72,0.61,-0.02
1783970452.935,static,fabric,30.1,2.39,0.0,1.52,16,2.32,-0.54,0.17
1783970452.935,static,mid,44.4,5.85,0.0,0.09,5,5.6,-1.46,0.84
1783970452.935,static,metal,45.2,6.41,0.0,0.22,5,6.33,0.6,0.85
1783970452.935,static,fabric,1.4,0.48,-0.01,0.08,4,0.31,-0.36,-0.0
1783970452.935,static,fabric,30.5,2.79,0.0,0.05,5,2.72,0.61,-0.02
1783970452.993,static,fabric,30.1,2.39,0.0,1.51,16,2.32,-0.54,0.16
1783970452.993,static,mid,44.4,5.85,0.0,0.09,5,5.6,-1.46,0.84
1783970452.993,static,metal,45.2,6.41,0.0,0.22,5,6.33,0.6,0.84
1783970452.993,static,fabric,1.2,0.48,-0.01,0.08,4,0.31,-0.36,-0.0
1783970452.993,static,fabric,30.5,2.79,0.0,0.05,5,2.72,0.61,-0.02
1783970453.052,static,fabric,30.1,2.39,0.0,1.51,15,2.32,-0.54,0.16
1783970453.052,static,mid,44.4,5.84,0.0,0.09,5,5.59,-1.46,0.85
1783970453.052,static,metal,45.2,6.41,0.0,0.22,5,6.33,0.6,0.83
1783970453.052,static,fabric,1.0,0.48,-0.01,0.08,4,0.32,-0.36,-0.01
1783970453.052,static,fabric,30.5,2.79,0.0,0.05,5,2.72,0.61,-0.02
1783970453.1,static,fabric,30.1,2.39,0.0,1.5,15,2.32,-0.55,0.15
1783970453.1,static,mid,44.4,5.84,0.0,0.09,5,5.59,-1.46,0.86
1783970453.1,static,metal,45.2,6.41,0.0,0.22,5,6.33,0.6,0.81
1783970453.1,static,fabric,1.0,0.48,-0.01,0.08,4,0.32,-0.36,-0.01
1783970453.1,static,fabric,30.5,2.79,0.0,0.05,5,2.72,0.61,-0.02
1783970453.156,static,fabric,30.1,2.39,0.0,1.5,15,2.32,-0.55,0.15
1783970453.156,static,mid,44.4,5.84,0.0,0.09,5,5.59,-1.46,0.87
1783970453.156,static,metal,45.2,6.41,0.0,0.22,5,6.34,0.6,0.8
1783970453.156,static,fabric,1.0,0.48,-0.01,0.08,4,0.32,-0.36,-0.01
1783970453.156,static,fabric,30.5,2.79,0.0,0.05,5,2.72,0.61,-0.02
1783970453.205,static,fabric,30.1,2.39,0.0,1.49,15,2.32,-0.55,0.15
1783970453.205,static,mid,44.4,5.84,0.0,0.09,5,5.59,-1.46,0.87
1783970453.205,static,metal,45.2,6.41,0.0,0.22,5,6.34,0.6,0.79
1783970453.205,static,fabric,1.0,0.48,-0.01,0.08,4,0.32,-0.36,-0.01
1783970453.205,static,fabric,30.5,2.79,0.0,0.05,5,2.72,0.61,-0.02
1783970453.254,static,fabric,30.0,2.39,0.0,1.48,15,2.32,-0.55,0.15
1783970453.254,static,mid,44.4,5.84,0.0,0.09,5,5.59,-1.46,0.87
1783970453.254,static,metal,45.2,6.42,0.0,0.22,5,6.34,0.6,0.79
1783970453.254,static,fabric,1.0,0.48,-0.01,0.08,4,0.32,-0.36,-0.02
1783970453.254,static,fabric,30.5,2.79,0.0,0.05,5,2.72,0.61,-0.01
1783970453.306,static,fabric,30.0,2.39,0.0,1.48,15,2.32,-0.55,0.15
1783970453.306,static,mid,44.4,5.84,0.0,0.09,5,5.59,-1.46,0.88
1783970453.306,static,metal,45.2,6.41,0.0,0.22,5,6.34,0.6,0.8
1783970453.306,static,fabric,1.0,0.48,-0.01,0.08,4,0.32,-0.36,-0.01
1783970453.306,static,fabric,30.5,2.79,0.0,0.05,5,2.72,0.61,-0.01
1783970453.354,static,fabric,30.0,2.39,0.0,1.48,15,2.32,-0.55,0.15
1783970453.354,static,mid,44.4,5.84,0.0,0.09,5,5.59,-1.46,0.88
1783970453.354,static,metal,45.1,6.41,0.0,0.22,5,6.33,0.6,0.8
1783970453.354,static,fabric,1.0,0.48,-0.01,0.08,4,0.32,-0.36,-0.01
1783970453.354,static,fabric,30.5,2.79,0.0,0.04,5,2.72,0.61,-0.01
1783970453.405,static,fabric,30.0,2.39,0.0,1.47,15,2.32,-0.55,0.15
1783970453.405,static,mid,44.4,5.84,0.0,0.09,5,5.59,-1.46,0.88
1783970453.405,static,metal,45.1,6.41,0.0,0.21,5,6.33,0.6,0.81
1783970453.405,static,fabric,1.0,0.48,-0.01,0.08,4,0.32,-0.36,-0.01
1783970453.405,static,fabric,30.5,2.79,0.0,0.04,5,2.72,0.61,-0.01
1783970453.464,static,fabric,30.0,2.39,0.0,1.47,15,2.32,-0.55,0.15
1783970453.464,static,mid,44.4,5.85,0.0,0.09,5,5.59,-1.46,0.88
1783970453.464,static,metal,45.1,6.41,0.0,0.21,5,6.33,0.6,0.81
1783970453.464,static,fabric,1.0,0.48,-0.01,0.08,4,0.32,-0.36,-0.01
1783970453.464,static,fabric,30.5,2.79,0.0,0.04,5,2.72,0.61,-0.01
1783970453.511,static,fabric,30.0,2.39,0.0,1.46,15,2.32,-0.55,0.16
1783970453.511,static,mid,44.4,5.84,0.0,0.09,5,5.59,-1.46,0.88
1783970453.511,static,metal,45.1,6.41,0.0,0.21,5,6.33,0.6,0.82
1783970453.511,static,fabric,1.0,0.48,-0.01,0.08,4,0.32,-0.36,-0.01
1783970453.511,static,fabric,30.5,2.79,0.0,0.04,5,2.72,0.61,-0.01
1783970453.595,static,fabric,30.0,2.39,0.0,1.46,15,2.32,-0.54,0.17
1783970453.595,static,mid,44.4,5.85,0.0,0.09,5,5.59,-1.46,0.87
1783970453.595,static,metal,45.1,6.41,0.0,0.21,5,6.33,0.6,0.82
1783970453.595,static,fabric,1.0,0.48,-0.01,0.08,4,0.31,-0.36,-0.01
1783970453.595,static,fabric,30.5,2.79,0.0,0.04,5,2.72,0.61,-0.01
1783970453.65,static,fabric,30.0,2.39,0.0,1.45,15,2.32,-0.54,0.17
1783970453.65,static,mid,44.4,5.85,0.0,0.09,5,5.6,-1.46,0.87
1783970453.65,static,metal,45.1,6.41,0.0,0.21,5,6.33,0.6,0.81
1783970453.65,static,fabric,1.0,0.48,-0.01,0.08,4,0.31,-0.36,-0.0
1783970453.65,static,fabric,30.5,2.79,0.0,0.04,5,2.72,0.61,-0.01
1783970453.72,static,fabric,30.0,2.39,0.0,1.45,15,2.32,-0.53,0.17
1783970453.72,static,mid,44.4,5.85,0.0,0.09,5,5.6,-1.46,0.86
1783970453.72,static,metal,45.1,6.41,0.0,0.21,5,6.33,0.6,0.81
1783970453.72,static,fabric,1.0,0.48,-0.01,0.08,4,0.31,-0.36,-0.0
1783970453.72,static,fabric,30.4,2.79,0.0,0.04,5,2.72,0.61,-0.01
1783970453.773,static,fabric,30.0,2.39,0.0,1.44,15,2.32,-0.53,0.18
1783970453.773,static,mid,44.4,5.85,0.0,0.09,5,5.6,-1.46,0.85
1783970453.773,static,metal,45.1,6.41,0.0,0.21,5,6.33,0.6,0.81
1783970453.773,static,fabric,1.0,0.48,-0.01,0.07,4,0.31,-0.36,-0.0
1783970453.773,static,fabric,30.4,2.79,0.0,0.04,5,2.72,0.61,-0.02
1783970453.828,static,fabric,30.0,2.39,0.0,1.44,15,2.32,-0.53,0.18
1783970453.828,static,mid,44.4,5.85,0.0,0.09,5,5.6,-1.46,0.84
1783970453.828,static,metal,45.1,6.41,0.0,0.21,5,6.33,0.6,0.8
1783970453.828,static,fabric,1.1,0.48,-0.01,0.07,4,0.31,-0.36,0.0
1783970453.828,static,fabric,30.3,2.79,0.0,0.04,5,2.72,0.61,-0.02
1783970453.879,static,fabric,30.0,2.39,0.0,1.44,15,2.32,-0.53,0.18
1783970453.879,static,mid,44.4,5.85,0.0,0.09,5,5.6,-1.46,0.84
1783970453.879,static,metal,45.1,6.41,0.0,0.21,5,6.34,0.6,0.8
1783970453.879,static,fabric,1.1,0.48,-0.01,0.07,4,0.31,-0.36,0.0
1783970453.879,static,fabric,30.3,2.79,0.0,0.04,5,2.72,0.61,-0.02
1783970453.934,static,fabric,30.0,2.41,0.0,1.44,15,2.37,-0.39,0.16
1783970453.934,static,mid,44.4,5.85,0.0,0.09,5,5.6,-1.46,0.84
1783970453.934,static,metal,45.1,6.42,0.0,0.21,5,6.34,0.6,0.8
1783970453.934,static,fabric,1.1,0.48,-0.01,0.07,4,0.31,-0.36,0.01
1783970453.934,static,fabric,30.3,2.79,0.0,0.04,5,2.72,0.61,-0.02
1783970453.991,static,fabric,30.0,2.42,0.0,1.44,15,2.4,-0.31,0.14
1783970453.991,static,mid,44.4,5.85,0.0,0.09,5,5.6,-1.46,0.84
1783970453.991,static,metal,45.1,6.42,0.0,0.21,5,6.34,0.6,0.79
1783970453.991,static,fabric,1.2,0.48,-0.01,0.07,4,0.31,-0.36,0.01
1783970453.991,static,fabric,30.3,2.79,0.0,0.04,5,2.72,0.61,-0.02
1783970454.047,static,fabric,30.0,2.44,0.0,1.44,15,2.42,-0.25,0.13
1783970454.047,static,mid,44.3,5.85,0.0,0.09,5,5.6,-1.46,0.84
1783970454.047,static,metal,45.1,6.42,0.0,0.21,5,6.34,0.6,0.79
1783970454.047,static,fabric,1.2,0.48,-0.01,0.07,4,0.31,-0.36,0.01
1783970454.047,static,fabric,30.3,2.79,0.0,0.04,5,2.72,0.61,-0.02
1783970454.111,static,fabric,30.0,2.45,0.0,1.44,15,2.44,-0.22,0.12
1783970454.111,static,mid,44.3,5.85,0.0,0.09,5,5.6,-1.46,0.85
1783970454.111,static,metal,45.1,6.41,0.0,0.21,5,6.34,0.6,0.79
1783970454.111,static,fabric,1.2,0.48,-0.01,0.07,5,0.31,-0.36,0.02
1783970454.111,static,fabric,30.3,2.79,0.0,0.04,5,2.72,0.61,-0.02
1783970454.17,static,fabric,30.0,2.45,0.0,1.44,15,2.44,-0.19,0.12
1783970454.17,static,mid,44.3,5.84,0.0,0.09,5,5.59,-1.46,0.85
1783970454.17,static,metal,45.1,6.41,0.0,0.21,5,6.33,0.6,0.8
1783970454.17,static,fabric,1.4,0.48,-0.01,0.07,5,0.31,-0.36,0.02
1783970454.17,static,fabric,30.3,2.79,0.0,0.04,5,2.72,0.61,-0.02
1783970454.231,static,fabric,30.0,2.46,0.0,1.44,15,2.45,-0.18,0.12
1783970454.231,static,mid,44.3,5.84,0.0,0.09,5,5.59,-1.46,0.87
1783970454.231,static,metal,45.1,6.41,0.0,0.21,5,6.34,0.6,0.8
1783970454.231,static,fabric,1.7,0.48,-0.01,0.07,5,0.31,-0.36,0.02
1783970454.231,static,fabric,30.3,2.79,0.0,0.04,5,2.72,0.61,-0.02
1783970454.291,static,fabric,30.0,2.47,0.0,1.44,15,2.46,-0.17,0.12
1783970454.291,static,mid,44.3,5.85,0.0,0.09,5,5.59,-1.46,0.88
1783970454.291,static,metal,45.1,6.42,0.0,0.21,5,6.34,0.6,0.8
1783970454.291,static,fabric,1.7,0.48,-0.01,0.07,5,0.31,-0.36,0.02
1783970454.291,static,fabric,30.3,2.79,0.0,0.04,5,2.72,0.61,-0.02
1783970454.363,static,fabric,30.1,2.47,0.0,1.44,15,2.46,-0.17,0.12
1783970454.363,static,mid,44.3,5.85,0.0,0.09,5,5.59,-1.46,0.89
1783970454.363,static,metal,45.2,6.42,0.0,0.2,5,6.34,0.6,0.79
1783970454.363,static,fabric,1.7,0.48,-0.01,0.07,5,0.31,-0.36,0.02
1783970454.363,static,fabric,30.3,2.79,0.0,0.04,5,2.72,0.61,-0.02
1783970454.42,static,fabric,30.0,2.47,0.0,1.45,15,2.47,-0.17,0.12
1783970454.42,static,mid,44.3,5.85,0.0,0.08,5,5.59,-1.46,0.89
1783970454.42,static,metal,45.2,6.41,0.0,0.2,5,6.34,0.6,0.77
1783970454.42,static,fabric,1.7,0.48,-0.01,0.07,5,0.31,-0.36,0.02
1783970454.42,static,fabric,30.3,2.79,0.0,0.04,5,2.72,0.61,-0.02
1783970454.486,static,fabric,30.0,2.48,0.0,1.45,15,2.47,-0.16,0.12
1783970454.486,static,mid,44.3,5.85,0.0,0.08,5,5.59,-1.46,0.89
1783970454.486,static,metal,45.2,6.41,0.0,0.2,5,6.34,0.6,0.76
1783970454.486,static,fabric,1.7,0.48,-0.01,0.07,5,0.32,-0.36,0.02
1783970454.486,static,fabric,30.3,2.79,0.0,0.04,5,2.72,0.61,-0.02
1783970454.54,static,fabric,30.0,2.48,0.0,1.45,15,2.47,-0.16,0.12
1783970454.54,static,mid,44.3,5.85,0.0,0.08,5,5.59,-1.46,0.89
1783970454.54,static,metal,45.2,6.41,0.0,0.2,5,6.34,0.6,0.74
1783970454.54,static,fabric,1.7,0.48,-0.01,0.07,5,0.31,-0.36,0.02
1783970454.54,static,fabric,30.3,2.79,0.0,0.04,5,2.72,0.61,-0.02
1783970454.596,static,fabric,30.0,2.48,0.0,1.45,15,2.47,-0.16,0.12
1783970454.596,static,mid,44.3,5.85,0.0,0.08,5,5.59,-1.46,0.89
1783970454.596,static,metal,45.2,6.41,0.0,0.2,5,6.35,0.6,0.71
1783970454.596,static,fabric,1.7,0.48,-0.01,0.07,5,0.31,-0.36,0.02
1783970454.596,static,fabric,30.3,2.79,0.0,0.04,5,2.72,0.61,-0.02
1783970454.646,static,fabric,30.0,2.48,0.0,1.45,15,2.47,-0.15,0.12
1783970454.646,static,mid,44.4,5.85,0.0,0.08,5,5.59,-1.46,0.89
1783970454.646,static,metal,45.2,6.41,0.0,0.2,5,6.35,0.6,0.7
1783970454.646,static,fabric,1.7,0.48,-0.01,0.07,5,0.31,-0.36,0.02
1783970454.646,static,fabric,30.3,2.79,0.0,0.04,5,2.72,0.61,-0.02
1783970454.697,static,fabric,30.0,2.48,0.0,1.45,15,2.47,-0.15,0.12
1783970454.697,static,mid,44.4,5.85,0.0,0.08,5,5.59,-1.46,0.89
1783970454.697,static,metal,45.2,6.41,0.0,0.2,5,6.35,0.6,0.68
1783970454.697,static,fabric,1.7,0.48,-0.01,0.07,5,0.31,-0.36,0.02
1783970454.697,static,fabric,30.3,2.79,0.0,0.04,5,2.72,0.61,-0.02
1783970454.747,static,fabric,30.0,2.48,0.0,1.45,15,2.47,-0.15,0.12
1783970454.747,static,mid,44.4,5.84,0.0,0.08,5,5.59,-1.46,0.88
1783970454.747,static,metal,45.2,6.41,0.0,0.2,5,6.35,0.6,0.68
1783970454.747,static,fabric,1.7,0.48,-0.01,0.07,5,0.31,-0.36,0.02
1783970454.747,static,fabric,30.3,2.79,0.0,0.04,5,2.72,0.61,-0.02
1783970454.803,static,fabric,30.0,2.48,0.0,1.45,15,2.47,-0.15,0.12
1783970454.803,static,mid,44.4,5.84,0.0,0.08,5,5.59,-1.46,0.88
1783970454.803,static,metal,45.2,6.41,0.0,0.2,5,6.35,0.6,0.69
1783970454.803,static,fabric,1.7,0.48,-0.01,0.07,5,0.31,-0.37,0.02
1783970454.803,static,fabric,30.3,2.79,0.0,0.04,5,2.72,0.61,-0.02
1783970454.854,static,fabric,30.0,2.48,0.0,1.45,15,2.47,-0.15,0.13
1783970454.854,static,mid,44.4,5.84,0.0,0.08,5,5.59,-1.46,0.88
1783970454.854,static,metal,45.2,6.42,0.0,0.2,5,6.35,0.6,0.69
1783970454.854,static,fabric,1.7,0.48,-0.01,0.07,5,0.31,-0.37,0.02
1783970454.854,static,fabric,30.3,2.79,0.0,0.04,5,2.72,0.61,-0.02
1783970454.929,static,fabric,30.0,2.48,0.0,1.45,15,2.47,-0.15,0.13
1783970454.929,static,mid,44.4,5.84,0.0,0.08,5,5.59,-1.46,0.87
1783970454.929,static,metal,45.2,6.41,0.0,0.2,5,6.35,0.59,0.69
1783970454.929,static,fabric,1.7,0.48,-0.01,0.07,5,0.31,-0.37,0.02
1783970454.929,static,fabric,30.3,2.79,0.0,0.04,5,2.72,0.61,-0.02
1783970454.982,static,fabric,30.0,2.48,0.0,1.45,15,2.47,-0.15,0.13
1783970454.982,static,mid,44.4,5.84,0.0,0.08,5,5.59,-1.46,0.87
1783970454.982,static,metal,45.2,6.41,0.0,0.2,5,6.35,0.58,0.7
1783970454.982,static,fabric,1.7,0.48,-0.01,0.07,5,0.3,-0.37,0.03
1783970454.982,static,fabric,30.3,2.79,0.0,0.04,5,2.72,0.61,-0.02
1783970455.033,static,fabric,30.0,2.48,0.0,1.45,15,2.47,-0.15,0.13
1783970455.033,static,mid,44.4,5.84,0.0,0.08,5,5.59,-1.46,0.87
1783970455.033,static,metal,45.2,6.41,0.0,0.2,5,6.35,0.57,0.7
1783970455.033,static,fabric,1.7,0.48,-0.01,0.07,5,0.31,-0.37,0.02
1783970455.033,static,fabric,30.3,2.79,0.0,0.04,5,2.72,0.61,-0.02
1783970455.088,static,fabric,30.0,2.48,0.0,1.45,15,2.47,-0.15,0.13
1783970455.088,static,mid,44.4,5.84,0.0,0.08,5,5.59,-1.46,0.87
1783970455.088,static,metal,45.2,6.41,0.0,0.2,5,6.35,0.56,0.7
1783970455.088,static,fabric,1.7,0.48,-0.01,0.07,5,0.3,-0.37,0.02
1783970455.088,static,fabric,30.3,2.79,0.0,0.04,5,2.72,0.61,-0.02
